{
  "website": {
    "base": {
      "min": 1000,
      "max": 2000
    },
    "types": [
      {
        "label": "Simple Site",
        "value": "simple",
        "min": 100000,
        "max": 150000
      },
      {
        "label": "E-commerce",
        "value": "ecommerce",
        "min": 150000,
        "max": 300000
      },
      {
        "label": "Enterprise",
        "value": "enterprise",
        "min": 300000,
        "max": 600000
      }
    ],
    "platforms": [
      {
        "label": "Web",
        "value": "web",
        "min": 0,
        "max": 0
      },
      {
        "label": "iOS",
        "value": "ios",
        "min": 40000,
        "max": 80000
      },
      {
        "label": "Android",
        "value": "android",
        "min": 40000,
        "max": 80000
      }
    ],
    "features": [
      {
        "label": "SEO Optimization",
        "value": "seo",
        "min": 25000,
        "max": 50000,
        "description": "Improve search visibility"
      },
      {
        "label": "Payment Integration",
        "value": "payments",
        "min": 30000,
        "max": 60000,
        "description": "Enable online payments"
      },
      {
        "label": "Admin Dashboard",
        "value": "admin",
        "min": 50000,
        "max": 100000,
        "description": "Management dashboard for content"
      }
    ],
    "optional": [
      {
        "label": "Domain (1 year)",
        "value": "domain",
        "min": 35000,
        "max": 35000
      },
      {
        "label": "Hosting (first month)",
        "value": "hosting_first",
        "min": 15000,
        "max": 15000
      },
      {
        "label": "Hosting (monthly)",
        "value": "hosting_monthly",
        "min": 12000,
        "max": 12000
      }
    ]
  }
}